#,GOV,REL,DEP,STATS
1,NOUN,acl,VERB,5819; 80% instances
2,PRON,acl,VERB,317; 4% instances
3,NOUN,acl,ADJ,275; 4% instances
4,PROPN,acl,VERB,239; 3% instances
5,ADJ,acl,VERB,183; 3% instances
6,VERB,acl,VERB,102; 1% instances
7,PRON,acl,ADJ,75; 1% instances
8,NOUN,acl,AUX,48; 1% instances
9,DET,acl,VERB,32; 0% instances
10,PROPN,acl,ADJ,23; 0% instances
11,NOUN,acl,NOUN,18; 0% instances
12,X,acl,VERB,13; 0% instances
13,ADJ,acl,ADJ,11; 0% instances
14,ADV,acl,VERB,9; 0% instances
15,NOUN,acl,PRON,9; 0% instances
16,ADJ,acl,AUX,7; 0% instances
17,NOUN,acl,ADV,7; 0% instances
18,ADP,acl,VERB,6; 0% instances
19,NOUN,acl,CCONJ,5; 0% instances
20,NUM,acl,VERB,5; 0% instances
21,PRON,acl,NOUN,5; 0% instances
22,ADJ,acl,NOUN,4; 0% instances
23,NOUN,acl,PUNCT,4; 0% instances
24,DET,acl,ADJ,3; 0% instances
25,NOUN,acl,PROPN,3; 0% instances
26,VERB,acl,ADJ,3; 0% instances
27,ADJ,acl,PRON,2; 0% instances
28,CCONJ,acl,VERB,2; 0% instances
29,NOUN,acl,NUM,2; 0% instances
30,NOUN,acl,SCONJ,2; 0% instances
31,PRON,acl,AUX,2; 0% instances
32,PROPN,acl,AUX,2; 0% instances
33,PROPN,acl,NOUN,2; 0% instances
34,ADV,acl,ADJ,1; 0% instances
35,AUX,acl,VERB,1; 0% instances
36,INTJ,acl,VERB,1; 0% instances
37,NOUN,acl,ADP,1; 0% instances
38,NUM,acl,ADJ,1; 0% instances
39,PRON,acl,ADV,1; 0% instances
40,PRON,acl,CCONJ,1; 0% instances
41,PROPN,acl,ADV,1; 0% instances
42,PROPN,acl,CCONJ,1; 0% instances
43,PROPN,acl,DET,1; 0% instances
44,PROPN,acl,PROPN,1; 0% instances
45,VERB,acl,AUX,1; 0% instances
46,VERB,acl,NOUN,1; 0% instances
47,X,acl,ADJ,1; 0% instances
1,NOUN,acl:relcl,VERB,3307; 64% instances
2,PRON,acl:relcl,VERB,526; 10% instances
3,PROPN,acl:relcl,VERB,374; 7% instances
4,NOUN,acl:relcl,AUX,265; 5% instances
5,NOUN,acl:relcl,NOUN,146; 3% instances
6,NOUN,acl:relcl,ADJ,115; 2% instances
7,PRON,acl:relcl,AUX,74; 1% instances
8,ADJ,acl:relcl,VERB,64; 1% instances
9,NOUN,acl:relcl,PRON,48; 1% instances
10,PRON,acl:relcl,ADJ,30; 1% instances
11,VERB,acl:relcl,VERB,24; 0% instances
12,X,acl:relcl,VERB,23; 0% instances
13,PROPN,acl:relcl,NOUN,18; 0% instances
14,PROPN,acl:relcl,AUX,17; 0% instances
15,PRON,acl:relcl,NOUN,15; 0% instances
16,NOUN,acl:relcl,PROPN,14; 0% instances
17,PRON,acl:relcl,PRON,14; 0% instances
18,ADJ,acl:relcl,PRON,13; 0% instances
19,ADV,acl:relcl,VERB,13; 0% instances
20,DET,acl:relcl,VERB,12; 0% instances
21,PROPN,acl:relcl,ADJ,9; 0% instances
22,NUM,acl:relcl,VERB,6; 0% instances
23,ADJ,acl:relcl,AUX,4; 0% instances
24,NOUN,acl:relcl,DET,4; 0% instances
25,PROPN,acl:relcl,PRON,4; 0% instances
26,ADJ,acl:relcl,NOUN,3; 0% instances
27,ADP,acl:relcl,VERB,3; 0% instances
28,ADV,acl:relcl,ADJ,3; 0% instances
29,VERB,acl:relcl,NOUN,3; 0% instances
30,NOUN,acl:relcl,NUM,2; 0% instances
31,NOUN,acl:relcl,PUNCT,2; 0% instances
32,PRON,acl:relcl,PROPN,2; 0% instances
33,X,acl:relcl,NOUN,2; 0% instances
34,ADP,acl:relcl,AUX,1; 0% instances
35,ADV,acl:relcl,PRON,1; 0% instances
36,DET,acl:relcl,AUX,1; 0% instances
37,NOUN,acl:relcl,ADV,1; 0% instances
38,NOUN,acl:relcl,CCONJ,1; 0% instances
39,NOUN,acl:relcl,SCONJ,1; 0% instances
40,NOUN,acl:relcl,X,1; 0% instances
41,NUM,acl:relcl,AUX,1; 0% instances
42,NUM,acl:relcl,NOUN,1; 0% instances
43,PROPN,acl:relcl,PROPN,1; 0% instances
44,VERB,acl:relcl,ADJ,1; 0% instances
45,VERB,acl:relcl,PRON,1; 0% instances
46,X,acl:relcl,AUX,1; 0% instances
47,X,acl:relcl,PRON,1; 0% instances
1,VERB,advcl,VERB,3368; 76% instances
2,ADJ,advcl,VERB,324; 7% instances
3,VERB,advcl,ADJ,192; 4% instances
4,NOUN,advcl,VERB,141; 3% instances
5,AUX,advcl,VERB,117; 3% instances
6,VERB,advcl,AUX,117; 3% instances
7,VERB,advcl,NOUN,48; 1% instances
8,PRON,advcl,VERB,18; 0% instances
9,ADJ,advcl,ADJ,16; 0% instances
10,ADV,advcl,VERB,15; 0% instances
11,AUX,advcl,ADJ,10; 0% instances
12,NOUN,advcl,ADJ,10; 0% instances
13,ADJ,advcl,AUX,9; 0% instances
14,VERB,advcl,PRON,9; 0% instances
15,ADJ,advcl,NOUN,8; 0% instances
16,NOUN,advcl,AUX,8; 0% instances
17,ADP,advcl,VERB,7; 0% instances
18,PROPN,advcl,VERB,5; 0% instances
19,NOUN,advcl,NOUN,4; 0% instances
20,ADJ,advcl,PRON,3; 0% instances
21,ADV,advcl,NOUN,3; 0% instances
22,CCONJ,advcl,VERB,3; 0% instances
23,ADJ,advcl,PROPN,2; 0% instances
24,ADV,advcl,ADJ,2; 0% instances
25,PRON,advcl,ADJ,2; 0% instances
26,SCONJ,advcl,VERB,2; 0% instances
27,ADP,advcl,ADJ,1; 0% instances
28,ADV,advcl,AUX,1; 0% instances
29,AUX,advcl,NOUN,1; 0% instances
30,DET,advcl,ADJ,1; 0% instances
31,DET,advcl,VERB,1; 0% instances
32,PRON,advcl,AUX,1; 0% instances
33,PRON,advcl,NOUN,1; 0% instances
34,PRON,advcl,PRON,1; 0% instances
35,PROPN,advcl,ADJ,1; 0% instances
36,PROPN,advcl,NOUN,1; 0% instances
37,VERB,advcl,ADP,1; 0% instances
38,VERB,advcl,ADV,1; 0% instances
39,VERB,advcl,CCONJ,1; 0% instances
40,X,advcl,VERB,1; 0% instances
1,VERB,advmod,ADV,11686; 47% instances
2,ADJ,advmod,ADV,3364; 14% instances
3,VERB,advmod,ADP,2719; 11% instances
4,NOUN,advmod,ADV,2552; 10% instances
5,NOUN,advmod,ADP,901; 4% instances
6,ADV,advmod,ADV,715; 3% instances
7,AUX,advmod,ADV,486; 2% instances
8,CCONJ,advmod,ADV,436; 2% instances
9,ADJ,advmod,ADP,326; 1% instances
10,PRON,advmod,ADV,224; 1% instances
11,VERB,advmod,ADJ,178; 1% instances
12,PROPN,advmod,ADV,103; 0% instances
13,ADP,advmod,ADV,101; 0% instances
14,VERB,advmod,DET,94; 0% instances
15,AUX,advmod,ADP,88; 0% instances
16,CCONJ,advmod,ADP,66; 0% instances
17,ADV,advmod,ADP,64; 0% instances
18,VERB,advmod,VERB,61; 0% instances
19,PRON,advmod,ADP,53; 0% instances
20,NOUN,advmod,X,49; 0% instances
21,ADJ,advmod,DET,48; 0% instances
22,PROPN,advmod,ADP,38; 0% instances
23,NOUN,advmod,DET,35; 0% instances
24,VERB,advmod,X,33; 0% instances
25,VERB,advmod,PRON,30; 0% instances
26,ADV,advmod,DET,25; 0% instances
27,ADJ,advmod,X,20; 0% instances
28,NUM,advmod,ADV,19; 0% instances
29,NOUN,advmod,PRON,14; 0% instances
30,NOUN,advmod,VERB,13; 0% instances
31,ADP,advmod,ADP,12; 0% instances
32,VERB,advmod,NOUN,11; 0% instances
33,ADJ,advmod,PRON,10; 0% instances
34,ADJ,advmod,VERB,10; 0% instances
35,ADP,advmod,DET,8; 0% instances
36,SCONJ,advmod,ADV,8; 0% instances
37,VERB,advmod,SCONJ,8; 0% instances
38,ADJ,advmod,ADJ,7; 0% instances
39,DET,advmod,ADV,5; 0% instances
40,NUM,advmod,ADP,5; 0% instances
41,ADV,advmod,VERB,4; 0% instances
42,CCONJ,advmod,X,4; 0% instances
43,VERB,advmod,CCONJ,4; 0% instances
44,X,advmod,ADP,4; 0% instances
45,ADJ,advmod,NOUN,3; 0% instances
46,AUX,advmod,VERB,3; 0% instances
47,CCONJ,advmod,VERB,3; 0% instances
48,NOUN,advmod,ADJ,3; 0% instances
49,PRON,advmod,PRON,3; 0% instances
50,PRON,advmod,VERB,3; 0% instances
51,PROPN,advmod,PRON,3; 0% instances
52,CCONJ,advmod,DET,2; 0% instances
53,NOUN,advmod,CCONJ,2; 0% instances
54,NOUN,advmod,NOUN,2; 0% instances
55,PRON,advmod,DET,2; 0% instances
56,PROPN,advmod,X,2; 0% instances
57,VERB,advmod,INTJ,2; 0% instances
58,X,advmod,ADV,2; 0% instances
59,ADJ,advmod,INTJ,1; 0% instances
60,ADP,advmod,VERB,1; 0% instances
61,ADP,advmod,X,1; 0% instances
62,ADV,advmod,X,1; 0% instances
63,AUX,advmod,ADJ,1; 0% instances
64,AUX,advmod,CCONJ,1; 0% instances
65,AUX,advmod,DET,1; 0% instances
66,CCONJ,advmod,SCONJ,1; 0% instances
67,INTJ,advmod,ADV,1; 0% instances
68,NOUN,advmod,SCONJ,1; 0% instances
69,NUM,advmod,NOUN,1; 0% instances
70,PRON,advmod,ADJ,1; 0% instances
71,PROPN,advmod,ADJ,1; 0% instances
72,PROPN,advmod,VERB,1; 0% instances
73,PUNCT,advmod,ADP,1; 0% instances
74,SCONJ,advmod,DET,1; 0% instances
75,VERB,advmod,PART,1; 0% instances
76,VERB,advmod,PROPN,1; 0% instances
77,X,advmod,DET,1; 0% instances
78,X,advmod,X,1; 0% instances
1,NOUN,amod,ADJ,23306; 96% instances
2,PROPN,amod,ADJ,323; 1% instances
3,ADJ,amod,ADJ,222; 1% instances
4,NOUN,amod,ADP,98; 0% instances
5,PRON,amod,ADJ,95; 0% instances
6,ADV,amod,ADJ,51; 0% instances
7,NOUN,amod,NOUN,50; 0% instances
8,NOUN,amod,NUM,38; 0% instances
9,VERB,amod,ADJ,32; 0% instances
10,X,amod,ADJ,29; 0% instances
11,ADP,amod,ADJ,22; 0% instances
12,NOUN,amod,X,12; 0% instances
13,DET,amod,ADJ,11; 0% instances
14,NUM,amod,ADJ,8; 0% instances
15,NOUN,amod,ADV,6; 0% instances
16,NOUN,amod,VERB,5; 0% instances
17,ADJ,amod,NOUN,4; 0% instances
18,PROPN,amod,ADV,3; 0% instances
19,ADV,amod,PUNCT,1; 0% instances
20,AUX,amod,ADJ,1; 0% instances
21,CCONJ,amod,ADJ,1; 0% instances
22,NOUN,amod,DET,1; 0% instances
23,NOUN,amod,PRON,1; 0% instances
24,NOUN,amod,SCONJ,1; 0% instances
25,PRON,amod,NOUN,1; 0% instances
26,PROPN,amod,NOUN,1; 0% instances
27,VERB,amod,X,1; 0% instances
1,NOUN,appos,NOUN,6; 50% instances
2,PROPN,appos,NUM,2; 17% instances
3,ADJ,appos,NOUN,1; 8% instances
4,PROPN,appos,ADJ,1; 8% instances
5,PROPN,appos,NOUN,1; 8% instances
6,X,appos,NOUN,1; 8% instances
1,VERB,aux,AUX,6759; 94% instances
2,AUX,aux,AUX,202; 3% instances
3,ADJ,aux,AUX,132; 2% instances
4,NOUN,aux,AUX,88; 1% instances
5,PRON,aux,AUX,11; 0% instances
6,ADP,aux,AUX,1; 0% instances
7,PROPN,aux,AUX,1; 0% instances
8,SCONJ,aux,AUX,1; 0% instances
9,VERB,aux,X,1; 0% instances
1,VERB,aux:caus,VERB,259; 100% instances
1,VERB,aux:pass,AUX,3324; 100% instances
2,NOUN,aux:pass,AUX,5; 0% instances
3,ADJ,aux:pass,AUX,2; 0% instances
4,VERB,aux:pass,VERB,1; 0% instances
1,NOUN,case,ADP,56940; 80% instances
2,PROPN,case,ADP,7749; 11% instances
3,NUM,case,ADP,2097; 3% instances
4,PRON,case,ADP,1430; 2% instances
5,ADJ,case,ADP,804; 1% instances
6,NOUN,case,ADV,433; 1% instances
7,X,case,ADP,353; 0% instances
8,NOUN,case,NOUN,249; 0% instances
9,ADV,case,ADP,214; 0% instances
10,DET,case,ADP,191; 0% instances
11,NOUN,case,PRON,143; 0% instances
12,ADP,case,ADP,90; 0% instances
13,PRON,case,ADV,39; 0% instances
14,VERB,case,ADP,35; 0% instances
15,PROPN,case,ADV,22; 0% instances
16,NOUN,case,DET,11; 0% instances
17,ADJ,case,ADV,7; 0% instances
18,PROPN,case,NOUN,7; 0% instances
19,NOUN,case,ADJ,5; 0% instances
20,X,case,ADV,5; 0% instances
21,NOUN,case,VERB,4; 0% instances
22,PRON,case,NOUN,4; 0% instances
23,PRON,case,PRON,4; 0% instances
24,NUM,case,ADV,3; 0% instances
25,PROPN,case,PRON,3; 0% instances
26,ADJ,case,NOUN,2; 0% instances
27,NUM,case,ADJ,2; 0% instances
28,SCONJ,case,ADP,2; 0% instances
29,ADJ,case,PRON,1; 0% instances
30,ADP,case,ADV,1; 0% instances
31,ADP,case,PRON,1; 0% instances
32,DET,case,NOUN,1; 0% instances
33,INTJ,case,ADP,1; 0% instances
34,NOUN,case,SCONJ,1; 0% instances
35,NUM,case,PRON,1; 0% instances
36,PRON,case,ADJ,1; 0% instances
37,PRON,case,DET,1; 0% instances
38,PRON,case,VERB,1; 0% instances
39,PROPN,case,DET,1; 0% instances
40,VERB,case,PRON,1; 0% instances
1,NOUN,cc,CCONJ,5261; 45% instances
2,VERB,cc,CCONJ,3192; 27% instances
3,ADJ,cc,CCONJ,1168; 10% instances
4,PROPN,cc,CCONJ,1045; 9% instances
5,PRON,cc,CCONJ,249; 2% instances
6,AUX,cc,CCONJ,242; 2% instances
7,NUM,cc,CCONJ,189; 2% instances
8,ADV,cc,CCONJ,125; 1% instances
9,X,cc,CCONJ,54; 0% instances
10,ADP,cc,CCONJ,51; 0% instances
11,NOUN,cc,PUNCT,49; 0% instances
12,DET,cc,CCONJ,24; 0% instances
13,PROPN,cc,PUNCT,17; 0% instances
14,ADV,cc,PUNCT,11; 0% instances
15,NOUN,cc,NOUN,8; 0% instances
16,PRON,cc,PUNCT,6; 0% instances
17,ADJ,cc,PUNCT,4; 0% instances
18,ADJ,cc,NOUN,3; 0% instances
19,INTJ,cc,CCONJ,3; 0% instances
20,NOUN,cc,VERB,3; 0% instances
21,NUM,cc,PUNCT,3; 0% instances
22,VERB,cc,NOUN,3; 0% instances
23,VERB,cc,VERB,3; 0% instances
24,X,cc,X,3; 0% instances
25,NOUN,cc,ADP,2; 0% instances
26,NOUN,cc,ADV,2; 0% instances
27,NOUN,cc,PRON,2; 0% instances
28,VERB,cc,ADJ,2; 0% instances
29,VERB,cc,PUNCT,2; 0% instances
30,X,cc,PUNCT,2; 0% instances
31,ADJ,cc,ADJ,1; 0% instances
32,ADJ,cc,ADV,1; 0% instances
33,ADJ,cc,PROPN,1; 0% instances
34,ADJ,cc,SCONJ,1; 0% instances
35,ADP,cc,NUM,1; 0% instances
36,ADV,cc,ADJ,1; 0% instances
37,ADV,cc,INTJ,1; 0% instances
38,ADV,cc,NOUN,1; 0% instances
39,ADV,cc,NUM,1; 0% instances
40,CCONJ,cc,CCONJ,1; 0% instances
41,DET,cc,PRON,1; 0% instances
42,DET,cc,PUNCT,1; 0% instances
43,NOUN,cc,ADJ,1; 0% instances
44,NOUN,cc,DET,1; 0% instances
45,NOUN,cc,INTJ,1; 0% instances
46,NOUN,cc,NUM,1; 0% instances
47,NOUN,cc,X,1; 0% instances
48,PRON,cc,NOUN,1; 0% instances
49,PRON,cc,PRON,1; 0% instances
50,PROPN,cc,ADJ,1; 0% instances
51,PROPN,cc,PROPN,1; 0% instances
52,SCONJ,cc,CCONJ,1; 0% instances
53,VERB,cc,INTJ,1; 0% instances
54,VERB,cc,SCONJ,1; 0% instances
1,VERB,ccomp,VERB,1257; 70% instances
2,VERB,ccomp,ADJ,172; 10% instances
3,VERB,ccomp,AUX,154; 9% instances
4,VERB,ccomp,NOUN,80; 4% instances
5,ADJ,ccomp,VERB,67; 4% instances
6,VERB,ccomp,PRON,13; 1% instances
7,NOUN,ccomp,VERB,12; 1% instances
8,ADJ,ccomp,ADJ,5; 0% instances
9,ADJ,ccomp,AUX,3; 0% instances
10,ADJ,ccomp,NOUN,3; 0% instances
11,NOUN,ccomp,AUX,2; 0% instances
12,NOUN,ccomp,NOUN,2; 0% instances
13,VERB,ccomp,ADV,2; 0% instances
14,VERB,ccomp,DET,2; 0% instances
15,VERB,ccomp,PROPN,2; 0% instances
16,ADJ,ccomp,PRON,1; 0% instances
17,ADP,ccomp,VERB,1; 0% instances
18,ADV,ccomp,VERB,1; 0% instances
19,NOUN,ccomp,PROPN,1; 0% instances
20,PRON,ccomp,VERB,1; 0% instances
21,SCONJ,ccomp,VERB,1; 0% instances
22,VERB,ccomp,ADP,1; 0% instances
23,VERB,ccomp,SCONJ,1; 0% instances
1,NOUN,conj,NOUN,5846; 39% instances
2,VERB,conj,VERB,2333; 16% instances
3,PROPN,conj,PROPN,1252; 8% instances
4,ADJ,conj,ADJ,983; 7% instances
5,PROPN,conj,NOUN,896; 6% instances
6,VERB,conj,NOUN,527; 4% instances
7,ADJ,conj,VERB,327; 2% instances
8,NOUN,conj,VERB,317; 2% instances
9,NOUN,conj,PROPN,310; 2% instances
10,ADJ,conj,NOUN,264; 2% instances
11,NOUN,conj,ADJ,217; 1% instances
12,NUM,conj,NUM,172; 1% instances
13,NOUN,conj,PRON,171; 1% instances
14,VERB,conj,ADJ,161; 1% instances
15,VERB,conj,AUX,122; 1% instances
16,PRON,conj,PRON,81; 1% instances
17,NUM,conj,NOUN,66; 0% instances
18,PRON,conj,NOUN,58; 0% instances
19,PROPN,conj,ADJ,57; 0% instances
20,VERB,conj,PRON,53; 0% instances
21,NOUN,conj,ADV,50; 0% instances
22,ADJ,conj,PROPN,48; 0% instances
23,VERB,conj,PROPN,47; 0% instances
24,VERB,conj,ADV,38; 0% instances
25,ADV,conj,ADV,37; 0% instances
26,PROPN,conj,X,32; 0% instances
27,ADP,conj,NOUN,30; 0% instances
28,ADJ,conj,AUX,29; 0% instances
29,NOUN,conj,X,26; 0% instances
30,X,conj,NOUN,26; 0% instances
31,DET,conj,PROPN,24; 0% instances
32,X,conj,PROPN,24; 0% instances
33,NOUN,conj,NUM,23; 0% instances
34,X,conj,X,23; 0% instances
35,NOUN,conj,ADP,21; 0% instances
36,ADV,conj,NOUN,19; 0% instances
37,DET,conj,NOUN,19; 0% instances
38,PROPN,conj,VERB,18; 0% instances
39,NOUN,conj,AUX,17; 0% instances
40,NOUN,conj,DET,17; 0% instances
41,ADJ,conj,PRON,16; 0% instances
42,PRON,conj,VERB,14; 0% instances
43,ADJ,conj,NUM,12; 0% instances
44,ADP,conj,ADP,12; 0% instances
45,PROPN,conj,ADP,11; 0% instances
46,ADJ,conj,ADV,10; 0% instances
47,DET,conj,DET,10; 0% instances
48,PROPN,conj,PRON,10; 0% instances
49,ADP,conj,VERB,9; 0% instances
50,PRON,conj,PROPN,9; 0% instances
51,PROPN,conj,DET,9; 0% instances
52,VERB,conj,ADP,9; 0% instances
53,VERB,conj,NUM,9; 0% instances
54,ADV,conj,VERB,8; 0% instances
55,AUX,conj,VERB,7; 0% instances
56,PROPN,conj,ADV,7; 0% instances
57,PRON,conj,ADJ,6; 0% instances
58,VERB,conj,X,6; 0% instances
59,CCONJ,conj,NOUN,5; 0% instances
60,DET,conj,NUM,5; 0% instances
61,ADJ,conj,ADP,4; 0% instances
62,ADP,conj,ADJ,4; 0% instances
63,ADP,conj,PRON,3; 0% instances
64,PROPN,conj,NUM,3; 0% instances
65,VERB,conj,CCONJ,3; 0% instances
66,VERB,conj,DET,3; 0% instances
67,ADJ,conj,X,2; 0% instances
68,ADP,conj,PROPN,2; 0% instances
69,ADV,conj,ADJ,2; 0% instances
70,ADV,conj,ADP,2; 0% instances
71,CCONJ,conj,ADJ,2; 0% instances
72,DET,conj,ADV,2; 0% instances
73,DET,conj,X,2; 0% instances
74,INTJ,conj,NOUN,2; 0% instances
75,NOUN,conj,CCONJ,2; 0% instances
76,NUM,conj,ADJ,2; 0% instances
77,PRON,conj,ADV,2; 0% instances
78,PRON,conj,NUM,2; 0% instances
79,PROPN,conj,AUX,2; 0% instances
80,PUNCT,conj,VERB,2; 0% instances
81,ADJ,conj,CCONJ,1; 0% instances
82,ADJ,conj,DET,1; 0% instances
83,ADJ,conj,SCONJ,1; 0% instances
84,ADP,conj,NUM,1; 0% instances
85,ADV,conj,CCONJ,1; 0% instances
86,ADV,conj,PROPN,1; 0% instances
87,AUX,conj,PROPN,1; 0% instances
88,CCONJ,conj,AUX,1; 0% instances
89,DET,conj,PRON,1; 0% instances
90,INTJ,conj,PRON,1; 0% instances
91,NOUN,conj,INTJ,1; 0% instances
92,NOUN,conj,PUNCT,1; 0% instances
93,NUM,conj,PRON,1; 0% instances
94,PRON,conj,ADP,1; 0% instances
95,PRON,conj,AUX,1; 0% instances
96,PROPN,conj,CCONJ,1; 0% instances
97,PROPN,conj,PUNCT,1; 0% instances
98,PUNCT,conj,NOUN,1; 0% instances
99,PUNCT,conj,NUM,1; 0% instances
100,SCONJ,conj,AUX,1; 0% instances
101,SCONJ,conj,NOUN,1; 0% instances
102,VERB,conj,SCONJ,1; 0% instances
103,X,conj,ADJ,1; 0% instances
104,X,conj,DET,1; 0% instances
105,X,conj,VERB,1; 0% instances
1,ADJ,cop,VERB,1860; 49% instances
2,NOUN,cop,VERB,1529; 40% instances
3,PRON,cop,VERB,244; 6% instances
4,VERB,cop,VERB,43; 1% instances
5,PROPN,cop,VERB,41; 1% instances
6,ADP,cop,VERB,23; 1% instances
7,ADV,cop,VERB,22; 1% instances
8,DET,cop,VERB,16; 0% instances
9,SCONJ,cop,VERB,4; 0% instances
10,X,cop,VERB,3; 0% instances
11,CCONJ,cop,VERB,2; 0% instances
12,NUM,cop,VERB,2; 0% instances
1,VERB,csubj,VERB,47; 57% instances
2,NOUN,csubj,VERB,18; 22% instances
3,ADJ,csubj,VERB,7; 8% instances
4,AUX,csubj,VERB,4; 5% instances
5,VERB,csubj,ADJ,2; 2% instances
6,VERB,csubj,NOUN,2; 2% instances
7,NOUN,csubj,NOUN,1; 1% instances
8,PRON,csubj,VERB,1; 1% instances
9,VERB,csubj,PRON,1; 1% instances
1,NOUN,dep,ADP,246; 17% instances
2,VERB,dep,VERB,238; 16% instances
3,VERB,dep,PRON,146; 10% instances
4,NOUN,dep,X,76; 5% instances
5,ADV,dep,NOUN,68; 5% instances
6,ADJ,dep,NOUN,64; 4% instances
7,X,dep,X,60; 4% instances
8,ADJ,dep,PRON,46; 3% instances
9,PROPN,dep,X,45; 3% instances
10,ADV,dep,VERB,27; 2% instances
11,ADJ,dep,PROPN,19; 1% instances
12,ADJ,dep,ADJ,17; 1% instances
13,ADP,dep,VERB,17; 1% instances
14,NOUN,dep,NOUN,16; 1% instances
15,PRON,dep,NOUN,15; 1% instances
16,VERB,dep,INTJ,15; 1% instances
17,PRON,dep,ADP,14; 1% instances
18,ADV,dep,PRON,13; 1% instances
19,NOUN,dep,PRON,13; 1% instances
20,CCONJ,dep,NOUN,12; 1% instances
21,CCONJ,dep,VERB,12; 1% instances
22,ADJ,dep,SCONJ,11; 1% instances
23,NOUN,dep,VERB,11; 1% instances
24,VERB,dep,NOUN,11; 1% instances
25,PRON,dep,VERB,10; 1% instances
26,ADP,dep,NOUN,9; 1% instances
27,NUM,dep,VERB,9; 1% instances
28,NUM,dep,X,9; 1% instances
29,NUM,dep,NOUN,8; 1% instances
30,ADJ,dep,ADP,7; 0% instances
31,ADV,dep,ADJ,7; 0% instances
32,NOUN,dep,PROPN,7; 0% instances
33,NUM,dep,ADP,7; 0% instances
34,PROPN,dep,ADP,7; 0% instances
35,VERB,dep,SCONJ,7; 0% instances
36,VERB,dep,X,7; 0% instances
37,X,dep,ADJ,7; 0% instances
38,ADV,dep,ADV,6; 0% instances
39,NOUN,dep,DET,6; 0% instances
40,X,dep,VERB,6; 0% instances
41,ADJ,dep,ADV,5; 0% instances
42,ADV,dep,SCONJ,5; 0% instances
43,NOUN,dep,SCONJ,5; 0% instances
44,PRON,dep,PRON,5; 0% instances
45,ADP,dep,PRON,4; 0% instances
46,ADP,dep,SCONJ,4; 0% instances
47,ADV,dep,PROPN,4; 0% instances
48,AUX,dep,INTJ,4; 0% instances
49,NOUN,dep,ADJ,4; 0% instances
50,NOUN,dep,ADV,4; 0% instances
51,NOUN,dep,INTJ,4; 0% instances
52,CCONJ,dep,ADV,3; 0% instances
53,DET,dep,VERB,3; 0% instances
54,NUM,dep,PRON,3; 0% instances
55,VERB,dep,ADP,3; 0% instances
56,VERB,dep,AUX,3; 0% instances
57,ADJ,dep,VERB,2; 0% instances
58,ADP,dep,ADP,2; 0% instances
59,ADP,dep,INTJ,2; 0% instances
60,ADP,dep,PROPN,2; 0% instances
61,ADV,dep,ADP,2; 0% instances
62,AUX,dep,PRON,2; 0% instances
63,AUX,dep,VERB,2; 0% instances
64,CCONJ,dep,PROPN,2; 0% instances
65,DET,dep,ADJ,2; 0% instances
66,DET,dep,NOUN,2; 0% instances
67,PRON,dep,ADJ,2; 0% instances
68,PRON,dep,INTJ,2; 0% instances
69,VERB,dep,ADJ,2; 0% instances
70,VERB,dep,DET,2; 0% instances
71,ADJ,dep,DET,1; 0% instances
72,ADJ,dep,INTJ,1; 0% instances
73,ADP,dep,AUX,1; 0% instances
74,ADP,dep,X,1; 0% instances
75,ADV,dep,AUX,1; 0% instances
76,AUX,dep,DET,1; 0% instances
77,CCONJ,dep,ADJ,1; 0% instances
78,CCONJ,dep,AUX,1; 0% instances
79,CCONJ,dep,PRON,1; 0% instances
80,DET,dep,ADP,1; 0% instances
81,INTJ,dep,VERB,1; 0% instances
82,NOUN,dep,PUNCT,1; 0% instances
83,PRON,dep,ADV,1; 0% instances
84,PRON,dep,CCONJ,1; 0% instances
85,PRON,dep,X,1; 0% instances
86,PROPN,dep,DET,1; 0% instances
87,PROPN,dep,INTJ,1; 0% instances
88,PROPN,dep,PRON,1; 0% instances
89,PROPN,dep,PROPN,1; 0% instances
90,PROPN,dep,VERB,1; 0% instances
91,PUNCT,dep,NOUN,1; 0% instances
92,PUNCT,dep,VERB,1; 0% instances
93,VERB,dep,ADV,1; 0% instances
94,X,dep,AUX,1; 0% instances
1,NOUN,det,DET,72499; 86% instances
2,PROPN,det,DET,5266; 6% instances
3,NOUN,det,NUM,3249; 4% instances
4,ADJ,det,DET,1520; 2% instances
5,PRON,det,DET,422; 1% instances
6,X,det,DET,303; 0% instances
7,NOUN,det,ADP,289; 0% instances
8,VERB,det,DET,146; 0% instances
9,ADV,det,DET,119; 0% instances
10,NUM,det,DET,117; 0% instances
11,ADP,det,DET,82; 0% instances
12,ADP,det,NUM,48; 0% instances
13,NOUN,det,ADV,17; 0% instances
14,NOUN,det,NOUN,15; 0% instances
15,DET,det,DET,11; 0% instances
16,ADJ,det,NUM,6; 0% instances
17,INTJ,det,DET,5; 0% instances
18,PROPN,det,ADP,5; 0% instances
19,ADV,det,NUM,3; 0% instances
20,NOUN,det,ADJ,2; 0% instances
21,PROPN,det,NUM,2; 0% instances
22,ADV,det,ADP,1; 0% instances
23,AUX,det,DET,1; 0% instances
24,CCONJ,det,DET,1; 0% instances
25,NOUN,det,PRON,1; 0% instances
26,NOUN,det,PUNCT,1; 0% instances
27,PRON,det,NUM,1; 0% instances
28,PUNCT,det,NUM,1; 0% instances
29,SCONJ,det,NUM,1; 0% instances
1,NOUN,dislocated,PROPN,1; 100% instances
1,VERB,expl,PRON,3804; 93% instances
2,PRON,expl,PART,236; 6% instances
3,NOUN,expl,PRON,25; 1% instances
4,ADJ,expl,PRON,22; 1% instances
5,AUX,expl,PRON,11; 0% instances
6,PRON,expl,PRON,6; 0% instances
7,ADP,expl,PRON,2; 0% instances
8,VERB,expl,VERB,2; 0% instances
9,ADJ,expl,PART,1; 0% instances
10,DET,expl,PRON,1; 0% instances
11,PROPN,expl,PRON,1; 0% instances
12,VERB,expl,ADJ,1; 0% instances
1,ADP,fixed,NOUN,6023; 12% instances
2,NOUN,fixed,ADJ,4243; 8% instances
3,NOUN,fixed,NOUN,3919; 8% instances
4,NOUN,fixed,ADP,3895; 8% instances
5,ADP,fixed,ADP,3695; 7% instances
6,NUM,fixed,NUM,2779; 6% instances
7,ADP,fixed,DET,2637; 5% instances
8,NUM,fixed,PUNCT,2637; 5% instances
9,PROPN,fixed,PROPN,1434; 3% instances
10,ADP,fixed,ADV,1212; 2% instances
11,PROPN,fixed,PUNCT,1187; 2% instances
12,PROPN,fixed,ADJ,989; 2% instances
13,X,fixed,X,899; 2% instances
14,ADV,fixed,ADP,849; 2% instances
15,NOUN,fixed,DET,794; 2% instances
16,VERB,fixed,NOUN,739; 1% instances
17,PROPN,fixed,ADP,652; 1% instances
18,ADV,fixed,SCONJ,648; 1% instances
19,ADJ,fixed,NOUN,613; 1% instances
20,NOUN,fixed,PUNCT,600; 1% instances
21,ADP,fixed,ADJ,590; 1% instances
22,ADV,fixed,ADV,500; 1% instances
23,PRON,fixed,PUNCT,440; 1% instances
24,DET,fixed,PROPN,436; 1% instances
25,ADJ,fixed,PUNCT,435; 1% instances
26,PROPN,fixed,NOUN,396; 1% instances
27,PRON,fixed,VERB,391; 1% instances
28,PROPN,fixed,DET,318; 1% instances
29,VERB,fixed,ADP,311; 1% instances
30,ADP,fixed,VERB,309; 1% instances
31,DET,fixed,NOUN,300; 1% instances
32,ADP,fixed,PUNCT,282; 1% instances
33,PRON,fixed,PRON,279; 1% instances
34,ADP,fixed,SCONJ,276; 1% instances
35,ADJ,fixed,PROPN,250; 0% instances
36,X,fixed,PUNCT,237; 0% instances
37,DET,fixed,ADV,215; 0% instances
38,PRON,fixed,ADV,202; 0% instances
39,VERB,fixed,PUNCT,201; 0% instances
40,ADV,fixed,NOUN,170; 0% instances
41,ADJ,fixed,ADJ,168; 0% instances
42,VERB,fixed,DET,168; 0% instances
43,PRON,fixed,ADJ,155; 0% instances
44,PROPN,fixed,NUM,151; 0% instances
45,ADV,fixed,PUNCT,150; 0% instances
46,PROPN,fixed,X,143; 0% instances
47,ADV,fixed,ADJ,129; 0% instances
48,NOUN,fixed,PROPN,127; 0% instances
49,VERB,fixed,VERB,127; 0% instances
50,SCONJ,fixed,SCONJ,116; 0% instances
51,ADP,fixed,PROPN,110; 0% instances
52,ADP,fixed,PRON,109; 0% instances
53,DET,fixed,ADP,95; 0% instances
54,NOUN,fixed,CCONJ,81; 0% instances
55,PRON,fixed,ADP,73; 0% instances
56,PROPN,fixed,CCONJ,73; 0% instances
57,DET,fixed,ADJ,71; 0% instances
58,NOUN,fixed,NUM,69; 0% instances
59,NOUN,fixed,VERB,69; 0% instances
60,ADV,fixed,VERB,66; 0% instances
61,ADV,fixed,DET,63; 0% instances
62,DET,fixed,DET,61; 0% instances
63,X,fixed,PROPN,49; 0% instances
64,ADV,fixed,CCONJ,47; 0% instances
65,ADJ,fixed,ADP,45; 0% instances
66,ADP,fixed,CCONJ,45; 0% instances
67,NOUN,fixed,X,42; 0% instances
68,CCONJ,fixed,ADV,34; 0% instances
69,VERB,fixed,ADJ,34; 0% instances
70,VERB,fixed,ADV,29; 0% instances
71,ADJ,fixed,DET,26; 0% instances
72,X,fixed,ADJ,26; 0% instances
73,NUM,fixed,NOUN,25; 0% instances
74,DET,fixed,PUNCT,24; 0% instances
75,VERB,fixed,PRON,23; 0% instances
76,CCONJ,fixed,CCONJ,22; 0% instances
77,ADJ,fixed,CCONJ,21; 0% instances
78,DET,fixed,PRON,21; 0% instances
79,X,fixed,NOUN,19; 0% instances
80,NUM,fixed,ADJ,18; 0% instances
81,PROPN,fixed,ADV,17; 0% instances
82,ADJ,fixed,ADV,16; 0% instances
83,ADV,fixed,PRON,16; 0% instances
84,ADJ,fixed,NUM,14; 0% instances
85,NUM,fixed,DET,12; 0% instances
86,PRON,fixed,SCONJ,12; 0% instances
87,SCONJ,fixed,ADV,11; 0% instances
88,ADJ,fixed,SCONJ,9; 0% instances
89,NUM,fixed,CCONJ,9; 0% instances
90,VERB,fixed,SCONJ,9; 0% instances
91,NOUN,fixed,ADV,7; 0% instances
92,PROPN,fixed,VERB,7; 0% instances
93,ADJ,fixed,VERB,5; 0% instances
94,ADP,fixed,NUM,5; 0% instances
95,CCONJ,fixed,NOUN,5; 0% instances
96,CCONJ,fixed,SCONJ,5; 0% instances
97,DET,fixed,SCONJ,5; 0% instances
98,SCONJ,fixed,PRON,5; 0% instances
99,ADP,fixed,X,4; 0% instances
100,CCONJ,fixed,ADP,4; 0% instances
101,DET,fixed,CCONJ,4; 0% instances
102,DET,fixed,VERB,4; 0% instances
103,NOUN,fixed,PRON,4; 0% instances
104,PRON,fixed,DET,4; 0% instances
105,SCONJ,fixed,ADJ,4; 0% instances
106,ADV,fixed,PROPN,3; 0% instances
107,PRON,fixed,CCONJ,3; 0% instances
108,SCONJ,fixed,VERB,3; 0% instances
109,ADJ,fixed,PRON,2; 0% instances
110,ADJ,fixed,X,2; 0% instances
111,CCONJ,fixed,PRON,2; 0% instances
112,DET,fixed,X,2; 0% instances
113,INTJ,fixed,VERB,2; 0% instances
114,NUM,fixed,PROPN,2; 0% instances
115,PRON,fixed,NOUN,2; 0% instances
116,PRON,fixed,PROPN,2; 0% instances
117,PROPN,fixed,PRON,2; 0% instances
118,SCONJ,fixed,ADP,2; 0% instances
119,VERB,fixed,CCONJ,2; 0% instances
120,VERB,fixed,X,2; 0% instances
121,X,fixed,NUM,2; 0% instances
122,CCONJ,fixed,PUNCT,1; 0% instances
123,INTJ,fixed,DET,1; 0% instances
124,INTJ,fixed,NOUN,1; 0% instances
125,NOUN,fixed,SCONJ,1; 0% instances
126,PRON,fixed,AUX,1; 0% instances
127,PRON,fixed,X,1; 0% instances
128,PUNCT,fixed,PRON,1; 0% instances
129,SCONJ,fixed,CCONJ,1; 0% instances
130,SCONJ,fixed,NOUN,1; 0% instances
131,VERB,fixed,PART,1; 0% instances
132,VERB,fixed,PROPN,1; 0% instances
1,X,flat,X,2; 100% instances
1,NOUN,flat:name,PROPN,2450; 61% instances
2,PROPN,flat:name,PROPN,1495; 37% instances
3,PROPN,flat:name,ADP,39; 1% instances
4,NOUN,flat:name,ADP,16; 0% instances
5,PROPN,flat:name,DET,7; 0% instances
6,NOUN,flat:name,DET,5; 0% instances
7,DET,flat:name,PROPN,3; 0% instances
8,NOUN,flat:name,X,3; 0% instances
9,NOUN,flat:name,PUNCT,2; 0% instances
10,PROPN,flat:name,PUNCT,2; 0% instances
11,PROPN,flat:name,X,2; 0% instances
12,ADJ,flat:name,PROPN,1; 0% instances
13,PROPN,flat:name,ADJ,1; 0% instances
14,PROPN,flat:name,NUM,1; 0% instances
15,X,flat:name,PROPN,1; 0% instances
1,VERB,iobj,PRON,1960; 85% instances
2,ADJ,iobj,PRON,138; 6% instances
3,NOUN,iobj,PRON,101; 4% instances
4,AUX,iobj,PRON,49; 2% instances
5,VERB,iobj,NOUN,22; 1% instances
6,VERB,iobj,ADV,12; 1% instances
7,PRON,iobj,PRON,6; 0% instances
8,VERB,iobj,ADP,3; 0% instances
9,DET,iobj,PRON,2; 0% instances
10,PROPN,iobj,PRON,2; 0% instances
11,ADP,iobj,PRON,1; 0% instances
12,ADV,iobj,ADV,1; 0% instances
13,ADV,iobj,PRON,1; 0% instances
14,VERB,iobj,ADJ,1; 0% instances
15,VERB,iobj,AUX,1; 0% instances
16,VERB,iobj,NUM,1; 0% instances
17,VERB,iobj,PROPN,1; 0% instances
1,VERB,mark,ADP,7264; 58% instances
2,VERB,mark,SCONJ,2858; 23% instances
3,VERB,mark,ADV,454; 4% instances
4,NOUN,mark,SCONJ,421; 3% instances
5,ADJ,mark,ADP,361; 3% instances
6,ADJ,mark,SCONJ,330; 3% instances
7,AUX,mark,SCONJ,294; 2% instances
8,PRON,mark,SCONJ,106; 1% instances
9,AUX,mark,ADP,59; 0% instances
10,PROPN,mark,SCONJ,57; 0% instances
11,NOUN,mark,ADV,51; 0% instances
12,ADJ,mark,ADV,38; 0% instances
13,NOUN,mark,ADP,37; 0% instances
14,NOUN,mark,NOUN,31; 0% instances
15,AUX,mark,ADV,24; 0% instances
16,ADV,mark,SCONJ,18; 0% instances
17,VERB,mark,ADJ,17; 0% instances
18,VERB,mark,VERB,14; 0% instances
19,VERB,mark,NOUN,11; 0% instances
20,ADP,mark,SCONJ,9; 0% instances
21,NUM,mark,SCONJ,8; 0% instances
22,ADJ,mark,PRON,7; 0% instances
23,AUX,mark,NOUN,6; 0% instances
24,VERB,mark,DET,6; 0% instances
25,VERB,mark,PRON,6; 0% instances
26,PROPN,mark,ADV,5; 0% instances
27,PROPN,mark,NOUN,4; 0% instances
28,VERB,mark,X,4; 0% instances
29,ADP,mark,ADV,3; 0% instances
30,NOUN,mark,PRON,3; 0% instances
31,NOUN,mark,VERB,3; 0% instances
32,PRON,mark,ADP,3; 0% instances
33,PRON,mark,ADV,3; 0% instances
34,ADJ,mark,ADJ,2; 0% instances
35,ADJ,mark,VERB,2; 0% instances
36,ADV,mark,ADV,2; 0% instances
37,AUX,mark,PRON,2; 0% instances
38,AUX,mark,VERB,2; 0% instances
39,DET,mark,ADP,2; 0% instances
40,NUM,mark,ADP,2; 0% instances
41,PROPN,mark,ADP,2; 0% instances
42,SCONJ,mark,SCONJ,2; 0% instances
43,ADV,mark,ADP,1; 0% instances
44,ADV,mark,NOUN,1; 0% instances
45,CCONJ,mark,SCONJ,1; 0% instances
46,DET,mark,SCONJ,1; 0% instances
47,NOUN,mark,ADJ,1; 0% instances
48,NOUN,mark,PROPN,1; 0% instances
49,PRON,mark,NOUN,1; 0% instances
50,PRON,mark,PROPN,1; 0% instances
51,PROPN,mark,PROPN,1; 0% instances
52,VERB,mark,CCONJ,1; 0% instances
53,VERB,mark,NUM,1; 0% instances
1,NOUN,nmod,NOUN,33112; 72% instances
2,NOUN,nmod,PROPN,6603; 14% instances
3,PROPN,nmod,NOUN,1028; 2% instances
4,PRON,nmod,NOUN,742; 2% instances
5,PROPN,nmod,PROPN,687; 2% instances
6,NOUN,nmod,NUM,563; 1% instances
7,NOUN,nmod,PRON,530; 1% instances
8,NOUN,nmod,ADJ,406; 1% instances
9,NOUN,nmod,X,319; 1% instances
10,DET,nmod,NOUN,258; 1% instances
11,NOUN,nmod,DET,179; 0% instances
12,PRON,nmod,PROPN,125; 0% instances
13,NUM,nmod,NOUN,114; 0% instances
14,ADJ,nmod,NOUN,112; 0% instances
15,PRON,nmod,PRON,106; 0% instances
16,NOUN,nmod,ADP,89; 0% instances
17,NOUN,nmod,ADV,75; 0% instances
18,X,nmod,NOUN,63; 0% instances
19,ADP,nmod,NOUN,62; 0% instances
20,X,nmod,PROPN,56; 0% instances
21,PROPN,nmod,PRON,42; 0% instances
22,VERB,nmod,NOUN,42; 0% instances
23,NUM,nmod,NUM,41; 0% instances
24,ADV,nmod,NOUN,39; 0% instances
25,ADJ,nmod,PROPN,36; 0% instances
26,PRON,nmod,NUM,35; 0% instances
27,NOUN,nmod,VERB,29; 0% instances
28,PRON,nmod,ADJ,26; 0% instances
29,NUM,nmod,PROPN,23; 0% instances
30,CCONJ,nmod,NOUN,22; 0% instances
31,ADP,nmod,PRON,18; 0% instances
32,DET,nmod,PROPN,14; 0% instances
33,PROPN,nmod,ADJ,14; 0% instances
34,PROPN,nmod,X,14; 0% instances
35,ADP,nmod,PROPN,13; 0% instances
36,VERB,nmod,PROPN,13; 0% instances
37,PROPN,nmod,NUM,12; 0% instances
38,PUNCT,nmod,NOUN,11; 0% instances
39,ADV,nmod,PROPN,9; 0% instances
40,ADP,nmod,NUM,8; 0% instances
41,PROPN,nmod,DET,8; 0% instances
42,DET,nmod,PRON,7; 0% instances
43,PRON,nmod,X,7; 0% instances
44,ADJ,nmod,PRON,6; 0% instances
45,CCONJ,nmod,PROPN,5; 0% instances
46,DET,nmod,ADJ,4; 0% instances
47,INTJ,nmod,NOUN,4; 0% instances
48,NUM,nmod,PRON,4; 0% instances
49,PRON,nmod,ADV,4; 0% instances
50,PRON,nmod,DET,4; 0% instances
51,X,nmod,NUM,4; 0% instances
52,SCONJ,nmod,NOUN,3; 0% instances
53,ADJ,nmod,ADJ,2; 0% instances
54,ADV,nmod,PRON,2; 0% instances
55,NOUN,nmod,SCONJ,2; 0% instances
56,NUM,nmod,ADJ,2; 0% instances
57,PRON,nmod,ADP,2; 0% instances
58,PROPN,nmod,ADP,2; 0% instances
59,X,nmod,X,2; 0% instances
60,ADJ,nmod,ADV,1; 0% instances
61,ADJ,nmod,DET,1; 0% instances
62,ADJ,nmod,NUM,1; 0% instances
63,ADJ,nmod,X,1; 0% instances
64,ADP,nmod,ADJ,1; 0% instances
65,ADV,nmod,NUM,1; 0% instances
66,ADV,nmod,X,1; 0% instances
67,CCONJ,nmod,ADJ,1; 0% instances
68,CCONJ,nmod,NUM,1; 0% instances
69,CCONJ,nmod,PRON,1; 0% instances
70,DET,nmod,ADP,1; 0% instances
71,DET,nmod,NUM,1; 0% instances
72,DET,nmod,VERB,1; 0% instances
73,INTJ,nmod,DET,1; 0% instances
74,NOUN,nmod,CCONJ,1; 0% instances
75,NUM,nmod,ADV,1; 0% instances
76,NUM,nmod,DET,1; 0% instances
77,PROPN,nmod,ADV,1; 0% instances
78,PROPN,nmod,VERB,1; 0% instances
79,PUNCT,nmod,X,1; 0% instances
80,SCONJ,nmod,PROPN,1; 0% instances
81,VERB,nmod,ADJ,1; 0% instances
82,VERB,nmod,DET,1; 0% instances
83,VERB,nmod,PRON,1; 0% instances
84,X,nmod,ADJ,1; 0% instances
85,X,nmod,PRON,1; 0% instances
1,VERB,nsubj,NOUN,12606; 43% instances
2,VERB,nsubj,PRON,8655; 29% instances
3,VERB,nsubj,PROPN,2084; 7% instances
4,ADJ,nsubj,NOUN,1146; 4% instances
5,AUX,nsubj,NOUN,1061; 4% instances
6,AUX,nsubj,PRON,841; 3% instances
7,NOUN,nsubj,PRON,664; 2% instances
8,NOUN,nsubj,NOUN,643; 2% instances
9,ADJ,nsubj,PRON,520; 2% instances
10,VERB,nsubj,ADJ,309; 1% instances
11,AUX,nsubj,PROPN,217; 1% instances
12,NOUN,nsubj,PROPN,113; 0% instances
13,PRON,nsubj,PRON,107; 0% instances
14,PRON,nsubj,NOUN,100; 0% instances
15,VERB,nsubj,X,83; 0% instances
16,VERB,nsubj,DET,80; 0% instances
17,ADJ,nsubj,PROPN,38; 0% instances
18,VERB,nsubj,VERB,36; 0% instances
19,VERB,nsubj,NUM,29; 0% instances
20,NOUN,nsubj,ADJ,28; 0% instances
21,AUX,nsubj,ADJ,25; 0% instances
22,PROPN,nsubj,PRON,25; 0% instances
23,ADP,nsubj,NOUN,17; 0% instances
24,PRON,nsubj,PROPN,16; 0% instances
25,PROPN,nsubj,NOUN,16; 0% instances
26,VERB,nsubj,ADP,15; 0% instances
27,VERB,nsubj,ADV,13; 0% instances
28,ADV,nsubj,NOUN,12; 0% instances
29,ADJ,nsubj,ADJ,10; 0% instances
30,ADV,nsubj,PRON,9; 0% instances
31,DET,nsubj,PRON,8; 0% instances
32,PRON,nsubj,ADJ,7; 0% instances
33,ADP,nsubj,PRON,6; 0% instances
34,AUX,nsubj,DET,6; 0% instances
35,NOUN,nsubj,NUM,6; 0% instances
36,NOUN,nsubj,X,5; 0% instances
37,AUX,nsubj,X,4; 0% instances
38,DET,nsubj,NOUN,4; 0% instances
39,NOUN,nsubj,DET,4; 0% instances
40,NUM,nsubj,PRON,4; 0% instances
41,SCONJ,nsubj,PRON,4; 0% instances
42,ADJ,nsubj,DET,3; 0% instances
43,ADJ,nsubj,X,3; 0% instances
44,AUX,nsubj,NUM,3; 0% instances
45,DET,nsubj,PROPN,3; 0% instances
46,NOUN,nsubj,VERB,3; 0% instances
47,PUNCT,nsubj,NOUN,3; 0% instances
48,X,nsubj,NOUN,3; 0% instances
49,ADJ,nsubj,ADV,2; 0% instances
50,ADJ,nsubj,NUM,2; 0% instances
51,ADP,nsubj,PROPN,2; 0% instances
52,AUX,nsubj,ADV,2; 0% instances
53,ADJ,nsubj,AUX,1; 0% instances
54,ADP,nsubj,ADJ,1; 0% instances
55,ADV,nsubj,PROPN,1; 0% instances
56,AUX,nsubj,INTJ,1; 0% instances
57,AUX,nsubj,VERB,1; 0% instances
58,CCONJ,nsubj,NOUN,1; 0% instances
59,CCONJ,nsubj,PRON,1; 0% instances
60,CCONJ,nsubj,PROPN,1; 0% instances
61,NOUN,nsubj,ADP,1; 0% instances
62,PRON,nsubj,NUM,1; 0% instances
63,PRON,nsubj,VERB,1; 0% instances
64,PRON,nsubj,X,1; 0% instances
65,PROPN,nsubj,PROPN,1; 0% instances
66,PUNCT,nsubj,ADJ,1; 0% instances
67,SCONJ,nsubj,NOUN,1; 0% instances
68,VERB,nsubj,CCONJ,1; 0% instances
69,VERB,nsubj,INTJ,1; 0% instances
70,VERB,nsubj,SCONJ,1; 0% instances
71,X,nsubj,PRON,1; 0% instances
1,VERB,nsubj:caus,PRON,8; 47% instances
2,VERB,nsubj:caus,NOUN,7; 41% instances
3,VERB,nsubj:caus,ADJ,1; 6% instances
4,VERB,nsubj:caus,ADP,1; 6% instances
1,NOUN,nummod,NUM,8592; 84% instances
2,VERB,nummod,NUM,1277; 12% instances
3,ADJ,nummod,NUM,109; 1% instances
4,ADP,nummod,NUM,77; 1% instances
5,NUM,nummod,NUM,72; 1% instances
6,PROPN,nummod,NUM,52; 1% instances
7,PRON,nummod,NUM,24; 0% instances
8,AUX,nummod,NUM,12; 0% instances
9,ADV,nummod,NUM,6; 0% instances
10,VERB,nummod,NOUN,6; 0% instances
11,X,nummod,NUM,4; 0% instances
12,PUNCT,nummod,NUM,3; 0% instances
13,CCONJ,nummod,NUM,1; 0% instances
14,VERB,nummod,PRON,1; 0% instances
15,VERB,nummod,SCONJ,1; 0% instances
1,VERB,obj,NOUN,14210; 81% instances
2,VERB,obj,PRON,2377; 14% instances
3,VERB,obj,PROPN,315; 2% instances
4,AUX,obj,PRON,109; 1% instances
5,PRON,obj,NOUN,69; 0% instances
6,VERB,obj,ADV,69; 0% instances
7,VERB,obj,ADJ,56; 0% instances
8,VERB,obj,DET,51; 0% instances
9,VERB,obj,X,37; 0% instances
10,VERB,obj,NUM,34; 0% instances
11,VERB,obj,ADP,20; 0% instances
12,VERB,obj,VERB,19; 0% instances
13,NOUN,obj,NOUN,14; 0% instances
14,ADP,obj,NOUN,11; 0% instances
15,ADJ,obj,PRON,8; 0% instances
16,VERB,obj,CCONJ,8; 0% instances
17,NOUN,obj,PRON,6; 0% instances
18,PRON,obj,PRON,6; 0% instances
19,VERB,obj,INTJ,5; 0% instances
20,ADV,obj,NOUN,4; 0% instances
21,CCONJ,obj,NOUN,4; 0% instances
22,PROPN,obj,PROPN,4; 0% instances
23,VERB,obj,SCONJ,4; 0% instances
24,ADJ,obj,NOUN,2; 0% instances
25,AUX,obj,NOUN,2; 0% instances
26,PRON,obj,VERB,2; 0% instances
27,SCONJ,obj,NOUN,2; 0% instances
28,ADJ,obj,SCONJ,1; 0% instances
29,ADP,obj,ADP,1; 0% instances
30,NOUN,obj,ADJ,1; 0% instances
31,NUM,obj,NUM,1; 0% instances
32,PRON,obj,ADJ,1; 0% instances
33,PRON,obj,ADP,1; 0% instances
34,PRON,obj,ADV,1; 0% instances
35,PRON,obj,PROPN,1; 0% instances
36,PROPN,obj,NOUN,1; 0% instances
37,SCONJ,obj,PRON,1; 0% instances
1,VERB,obl,NOUN,24407; 75% instances
2,VERB,obl,PROPN,2637; 8% instances
3,ADJ,obl,NOUN,1751; 5% instances
4,VERB,obl,PRON,830; 3% instances
5,NOUN,obl,NOUN,572; 2% instances
6,VERB,obl,ADJ,285; 1% instances
7,AUX,obl,NOUN,278; 1% instances
8,ADV,obl,NOUN,275; 1% instances
9,VERB,obl,DET,217; 1% instances
10,ADJ,obl,PROPN,195; 1% instances
11,VERB,obl,X,146; 0% instances
12,ADJ,obl,PRON,113; 0% instances
13,VERB,obl,ADV,99; 0% instances
14,NOUN,obl,PROPN,70; 0% instances
15,VERB,obl,NUM,66; 0% instances
16,ADP,obl,NOUN,61; 0% instances
17,VERB,obl,ADP,56; 0% instances
18,PRON,obl,NOUN,42; 0% instances
19,AUX,obl,PRON,36; 0% instances
20,NOUN,obl,PRON,28; 0% instances
21,VERB,obl,VERB,28; 0% instances
22,AUX,obl,PROPN,20; 0% instances
23,PROPN,obl,NOUN,16; 0% instances
24,ADJ,obl,ADJ,15; 0% instances
25,NOUN,obl,ADJ,15; 0% instances
26,ADJ,obl,DET,13; 0% instances
27,PRON,obl,PROPN,13; 0% instances
28,ADJ,obl,X,11; 0% instances
29,ADV,obl,PROPN,11; 0% instances
30,ADJ,obl,ADV,10; 0% instances
31,ADJ,obl,NUM,9; 0% instances
32,DET,obl,NOUN,9; 0% instances
33,NOUN,obl,DET,8; 0% instances
34,ADJ,obl,ADP,5; 0% instances
35,ADV,obl,PRON,5; 0% instances
36,NOUN,obl,ADV,5; 0% instances
37,NUM,obl,NOUN,5; 0% instances
38,ADP,obl,PRON,4; 0% instances
39,ADV,obl,ADJ,4; 0% instances
40,AUX,obl,ADV,4; 0% instances
41,AUX,obl,VERB,4; 0% instances
42,PUNCT,obl,NOUN,4; 0% instances
43,SCONJ,obl,NOUN,4; 0% instances
44,ADJ,obl,VERB,3; 0% instances
45,ADP,obl,PROPN,3; 0% instances
46,AUX,obl,ADJ,3; 0% instances
47,CCONJ,obl,NOUN,3; 0% instances
48,PROPN,obl,ADJ,3; 0% instances
49,VERB,obl,CCONJ,3; 0% instances
50,VERB,obl,SCONJ,3; 0% instances
51,ADV,obl,ADV,2; 0% instances
52,PRON,obl,PRON,2; 0% instances
53,PROPN,obl,DET,2; 0% instances
54,PROPN,obl,PROPN,2; 0% instances
55,X,obl,NOUN,2; 0% instances
56,ADP,obl,ADV,1; 0% instances
57,ADP,obl,DET,1; 0% instances
58,ADV,obl,NUM,1; 0% instances
59,AUX,obl,DET,1; 0% instances
60,DET,obl,PRON,1; 0% instances
61,NOUN,obl,VERB,1; 0% instances
62,NOUN,obl,X,1; 0% instances
63,PRON,obl,ADJ,1; 0% instances
64,PRON,obl,ADV,1; 0% instances
65,PRON,obl,DET,1; 0% instances
66,PROPN,obl,ADP,1; 0% instances
67,PROPN,obl,INTJ,1; 0% instances
68,PROPN,obl,X,1; 0% instances
69,VERB,obl,AUX,1; 0% instances
1,NOUN,orphan,NOUN,250; 33% instances
2,NOUN,orphan,PROPN,59; 8% instances
3,NOUN,orphan,VERB,48; 6% instances
4,PROPN,orphan,NOUN,44; 6% instances
5,NOUN,orphan,NUM,43; 6% instances
6,ADJ,orphan,NOUN,28; 4% instances
7,PRON,orphan,NOUN,26; 3% instances
8,NOUN,orphan,ADJ,23; 3% instances
9,PROPN,orphan,PROPN,21; 3% instances
10,VERB,orphan,NOUN,20; 3% instances
11,VERB,orphan,VERB,16; 2% instances
12,ADV,orphan,NOUN,15; 2% instances
13,NOUN,orphan,PRON,15; 2% instances
14,NUM,orphan,NOUN,12; 2% instances
15,PRON,orphan,NUM,10; 1% instances
16,ADP,orphan,NOUN,9; 1% instances
17,ADJ,orphan,PROPN,7; 1% instances
18,ADJ,orphan,VERB,7; 1% instances
19,NOUN,orphan,ADP,7; 1% instances
20,PROPN,orphan,VERB,7; 1% instances
21,PRON,orphan,PROPN,6; 1% instances
22,PROPN,orphan,NUM,6; 1% instances
23,NOUN,orphan,DET,5; 1% instances
24,NOUN,orphan,X,4; 1% instances
25,PROPN,orphan,PRON,4; 1% instances
26,ADV,orphan,ADV,3; 0% instances
27,ADV,orphan,NUM,3; 0% instances
28,NUM,orphan,NUM,3; 0% instances
29,NUM,orphan,PROPN,3; 0% instances
30,PRON,orphan,ADJ,3; 0% instances
31,PRON,orphan,ADP,3; 0% instances
32,PRON,orphan,ADV,3; 0% instances
33,PRON,orphan,PRON,3; 0% instances
34,PROPN,orphan,ADJ,3; 0% instances
35,X,orphan,NOUN,3; 0% instances
36,ADJ,orphan,PRON,2; 0% instances
37,ADV,orphan,VERB,2; 0% instances
38,NOUN,orphan,ADV,2; 0% instances
39,PRON,orphan,SCONJ,2; 0% instances
40,PRON,orphan,VERB,2; 0% instances
41,PROPN,orphan,ADP,2; 0% instances
42,X,orphan,X,2; 0% instances
43,ADJ,orphan,ADJ,1; 0% instances
44,ADJ,orphan,NUM,1; 0% instances
45,ADJ,orphan,X,1; 0% instances
46,ADP,orphan,NUM,1; 0% instances
47,ADV,orphan,ADJ,1; 0% instances
48,ADV,orphan,AUX,1; 0% instances
49,DET,orphan,ADJ,1; 0% instances
50,DET,orphan,NOUN,1; 0% instances
51,DET,orphan,PROPN,1; 0% instances
52,INTJ,orphan,VERB,1; 0% instances
53,NOUN,orphan,CCONJ,1; 0% instances
54,NUM,orphan,VERB,1; 0% instances
55,PRON,orphan,INTJ,1; 0% instances
56,PROPN,orphan,ADV,1; 0% instances
57,VERB,orphan,ADJ,1; 0% instances
58,VERB,orphan,AUX,1; 0% instances
59,VERB,orphan,PROPN,1; 0% instances
60,X,orphan,NUM,1; 0% instances
1,VERB,parataxis,VERB,1919; 72% instances
2,ADJ,parataxis,VERB,229; 9% instances
3,NOUN,parataxis,VERB,166; 6% instances
4,VERB,parataxis,AUX,75; 3% instances
5,VERB,parataxis,ADJ,69; 3% instances
6,VERB,parataxis,NOUN,69; 3% instances
7,PRON,parataxis,VERB,19; 1% instances
8,ADJ,parataxis,ADJ,14; 1% instances
9,ADJ,parataxis,NOUN,14; 1% instances
10,AUX,parataxis,VERB,13; 0% instances
11,ADJ,parataxis,AUX,12; 0% instances
12,NOUN,parataxis,AUX,11; 0% instances
13,NOUN,parataxis,ADJ,10; 0% instances
14,NOUN,parataxis,NOUN,10; 0% instances
15,VERB,parataxis,PRON,6; 0% instances
16,ADP,parataxis,VERB,4; 0% instances
17,ADV,parataxis,VERB,3; 0% instances
18,PROPN,parataxis,VERB,3; 0% instances
19,VERB,parataxis,CCONJ,3; 0% instances
20,ADJ,parataxis,PRON,2; 0% instances
21,AUX,parataxis,ADJ,2; 0% instances
22,DET,parataxis,VERB,2; 0% instances
23,PRON,parataxis,NOUN,2; 0% instances
24,ADJ,parataxis,ADV,1; 0% instances
25,ADV,parataxis,AUX,1; 0% instances
26,CCONJ,parataxis,PRON,1; 0% instances
27,INTJ,parataxis,NOUN,1; 0% instances
28,NOUN,parataxis,NUM,1; 0% instances
29,NOUN,parataxis,PRON,1; 0% instances
30,NOUN,parataxis,PROPN,1; 0% instances
31,NUM,parataxis,VERB,1; 0% instances
32,PRON,parataxis,AUX,1; 0% instances
33,PRON,parataxis,PRON,1; 0% instances
34,PROPN,parataxis,AUX,1; 0% instances
35,VERB,parataxis,ADP,1; 0% instances
36,VERB,parataxis,ADV,1; 0% instances
37,VERB,parataxis,PROPN,1; 0% instances
1,VERB,punct,PUNCT,37802; 55% instances
2,NOUN,punct,PUNCT,18991; 28% instances
3,ADJ,punct,PUNCT,3928; 6% instances
4,PROPN,punct,PUNCT,3470; 5% instances
5,AUX,punct,PUNCT,2119; 3% instances
6,PRON,punct,PUNCT,752; 1% instances
7,CCONJ,punct,PUNCT,621; 1% instances
8,X,punct,PUNCT,300; 0% instances
9,NUM,punct,PUNCT,295; 0% instances
10,ADV,punct,PUNCT,150; 0% instances
11,DET,punct,PUNCT,137; 0% instances
12,ADP,punct,PUNCT,121; 0% instances
13,PUNCT,punct,PUNCT,84; 0% instances
14,INTJ,punct,PUNCT,29; 0% instances
15,SCONJ,punct,PUNCT,13; 0% instances
16,NOUN,punct,DET,2; 0% instances
17,ADJ,punct,PRON,1; 0% instances
18,ADJ,punct,X,1; 0% instances
19,NOUN,punct,ADP,1; 0% instances
20,NOUN,punct,NOUN,1; 0% instances
21,VERB,punct,ADP,1; 0% instances
22,VERB,punct,NOUN,1; 0% instances
1,,root,VERB,13258; 72% instances
2,,root,NOUN,2241; 12% instances
3,,root,AUX,1238; 7% instances
4,,root,ADJ,1077; 6% instances
5,,root,PROPN,263; 1% instances
6,,root,PRON,251; 1% instances
7,,root,NUM,68; 0% instances
8,,root,ADP,34; 0% instances
9,,root,ADV,33; 0% instances
10,,root,X,19; 0% instances
11,,root,CCONJ,13; 0% instances
12,,root,DET,13; 0% instances
13,,root,INTJ,12; 0% instances
14,,root,PUNCT,12; 0% instances
15,,root,SCONJ,3; 0% instances
1,CCONJ,vocative,NOUN,1; 100% instances
1,VERB,xcomp,VERB,4300; 52% instances
2,AUX,xcomp,VERB,2222; 27% instances
3,VERB,xcomp,ADJ,862; 10% instances
4,VERB,xcomp,NOUN,323; 4% instances
5,ADJ,xcomp,VERB,290; 3% instances
6,VERB,xcomp,AUX,72; 1% instances
7,AUX,xcomp,ADJ,57; 1% instances
8,AUX,xcomp,NOUN,27; 0% instances
9,VERB,xcomp,PRON,27; 0% instances
10,AUX,xcomp,AUX,23; 0% instances
11,NOUN,xcomp,VERB,18; 0% instances
12,VERB,xcomp,PROPN,14; 0% instances
13,VERB,xcomp,ADP,12; 0% instances
14,ADJ,xcomp,ADJ,10; 0% instances
15,AUX,xcomp,PRON,10; 0% instances
16,VERB,xcomp,ADV,5; 0% instances
17,VERB,xcomp,DET,5; 0% instances
18,ADJ,xcomp,AUX,4; 0% instances
19,VERB,xcomp,CCONJ,4; 0% instances
20,VERB,xcomp,NUM,3; 0% instances
21,ADV,xcomp,VERB,2; 0% instances
22,NOUN,xcomp,ADJ,2; 0% instances
23,PRON,xcomp,VERB,2; 0% instances
24,VERB,xcomp,X,2; 0% instances
25,ADJ,xcomp,ADV,1; 0% instances
26,ADJ,xcomp,PRON,1; 0% instances
27,ADJ,xcomp,SCONJ,1; 0% instances
28,ADV,xcomp,ADJ,1; 0% instances
29,AUX,xcomp,ADV,1; 0% instances
30,AUX,xcomp,DET,1; 0% instances
31,DET,xcomp,VERB,1; 0% instances
32,PROPN,xcomp,VERB,1; 0% instances
33,SCONJ,xcomp,VERB,1; 0% instances
34,VERB,xcomp,SCONJ,1; 0% instances